,count,mean,std,min,1%,5%,50%,95%,99%,max,missing,missing_rate
ActivityRows,12307.0,34.00609409279272,42.80460914278571,1.0,1.0,1.0,15.0,129.0,184.0,347.0,0,0.0
ActiveDays,12307.0,22.50515966523117,23.999208405537352,1.0,1.0,1.0,12.0,76.0,88.0,90.0,0,0.0
ProductCount,12307.0,2.251726659624604,1.3381034899512974,1.0,1.0,1.0,2.0,5.0,7.0,9.0,0,0.0
MonetaryObservedRows,12307.0,25.9842366133095,35.76456246509611,0.0,0.0,0.0,10.0,105.0,159.9400000000005,248.0,0,0.0
MissingMonetaryPct,12307.0,0.21892829162265376,0.3351645897102124,0.0,0.0,0.0,0.0,1.0,1.0,1.0,0,0.0
MissingBetsRows,12307.0,0.0,0.0,0.0,0.0,0.0,0.0,0.0,0.0,0.0,0,0.0
NumberOfBetsTotal,12307.0,2253.7956447550173,9082.091702256956,0.0,0.0,1.0,123.0,10614.099999999975,37152.04000000006,301024.0,0,0.0
AvgBetsPerActiveDay,12307.0,66.05850778418787,180.22872595690885,0.0,0.0,0.8333,9.6667,333.1480499999998,871.6706600000011,3460.046,0,0.0
MaxDailyBets,12307.0,279.0146258227025,839.8267906561829,0.0,0.0,1.0,31.0,1381.0,3862.6600000000453,15606.0,0,0.0
StdDailyBets,11066.0,78.78000328935478,208.33521430596923,0.0,0.0,0.5774,11.171199999999999,388.615925,961.5450300000048,3419.7573,1241,0.10083692207686683
NumberOfBetsLast30,12307.0,851.6858698301779,3675.172925209702,0.0,0.0,0.0,19.0,4109.199999999993,14823.960000000043,117248.0,0,0.0
NumberOfBetsPrevious60,12307.0,1402.1097749248395,6164.883559077554,0.0,0.0,0.0,52.0,6382.299999999979,24275.180000000022,200475.0,0,0.0
BetsTrendRatio,10396.0,12.776881099076567,253.74401321292447,0.0,0.0,0.0,0.47477349999999996,9.969388,112.39615369999647,15804.0,1911,0.15527748435849517
TurnoverTotal,11351.0,12300.743891604263,52722.36632052093,0.0,0.0143,2.8217,255.69,60586.8449,214746.615,1374721.7,956,0.07767936946453238
AvgDailyTurnover,11351.0,390.7516265439168,1593.0531934030246,0.0,0.01,1.0,26.1382,1792.90425,6473.03765,70891.6512,956,0.07767936946453238
MaxDailyTurnover,11351.0,1955.9974154347633,8894.861407688888,0.0,0.0143,2.0,78.0,8680.0,32727.5,216900.0,956,0.07767936946453238
StdDailyTurnover,10077.0,541.9953384836757,2205.580310994824,0.0,0.0024,0.93462,31.9209,2276.248419999988,9319.84695599995,58251.6771,2230,0.1811976923701958
TurnoverLast30,8052.0,6310.241197553402,27679.593522219646,0.0,0.0,2.0,224.22320000000002,30099.49999999999,97535.31289999979,1004643.86,4255,0.34573819777362474
TurnoverPrevious60,9623.0,9229.521125522188,40110.91859101653,0.0,0.0,2.4,224.0152,46273.45099999998,159115.42,1239734.2,2684,0.21808726740879175
TurnoverTrendRatio,6307.0,285.00592682495636,20570.292439964407,0.0,0.0,0.043862,1.044444,19.889692899999993,242.5189495199967,1633092.181538,6000,0.4875274234175672
NetHoldTotal,11351.0,495.11724374063954,1926.879976325716,-38606.2811,-1597.1778,-122.72999999999999,32.6387,3142.3575499999997,8706.19525,33540.37,956,0.07767936946453238
GrossLossTotal,12307.0,1110.535646258227,3187.3256160520705,0.0,0.0,0.0,72.1368,6296.021419999993,15503.601988000071,57887.5367,0,0.0
GrossWinTotal,12307.0,653.8787978223776,2387.303208484814,0.0,0.0,0.0,20.01,3414.8499999999995,10316.023654000006,49862.4984,0,0.0
MaxDailyLoss,12307.0,198.7794370764605,528.711603376827,0.0,0.0,0.0,25.83,1009.88,2407.133096000004,12545.3342,0,0.0
StdDailyHold,10077.0,104.53799397638188,328.40220127986646,0.0,0.013504000000000002,1.10894,22.1532,465.761099999999,1122.128367999999,13665.134,2230,0.1811976923701958
LossDays,12307.0,12.333143739335338,15.476179015115736,0.0,0.0,0.0,5.0,47.0,64.0,85.0,0,0.0
ActiveDaysLast30,12307.0,7.864304867148777,9.0841157811917,0.0,0.0,0.0,4.0,28.0,30.0,30.0,0,0.0
ActiveDaysPrevious60,12307.0,14.640854798082392,16.662032294587803,0.0,0.0,0.0,7.0,52.0,59.0,60.0,0,0.0
ActiveDaysTrendRatio,10511.0,1.379893738274189,3.261551138774317,0.0,0.0,0.0,0.727273,5.0,14.666667,60.0,1796,0.1459332087429918
FixedOddsRows,12307.0,12.573169740797919,18.40724031654102,0.0,0.0,0.0,5.0,55.0,83.0,158.0,0,0.0
LiveActionRows,12307.0,11.003168928252213,20.504705426153844,0.0,0.0,0.0,1.0,61.0,86.0,158.0,0,0.0
PokerRows,12307.0,6.018526042089867,15.166661155360728,0.0,0.0,0.0,0.0,42.0,75.0,90.0,0,0.0
LiveActionShare,12307.0,0.2543521382140246,0.3076901021545149,0.0,0.0,0.0,0.111111,0.9878690999999992,1.0,1.0,0,0.0
PokerShare,12307.0,0.17661122361257822,0.3218834249351755,0.0,0.0,0.0,0.0,1.0,1.0,1.0,0,0.0
FixedToLiveTurnoverRatio,6157.0,10.44119399041741,112.72849012572892,0.0,0.0007662400000000001,0.0060738,0.523846,34.559652999999976,145.55479539999996,6652.376623,6150,0.49971560900300643
