,correlation_with_target
ActiveDaysLast30,0.19553744208050192
ProductCount,0.1711245773493866
ActivityRows,0.16366007570047336
ActiveDays,0.14989339710947824
LossDays,0.12836239214510353
MonetaryObservedRows,0.127484154456791
StdDailyBets,0.12322643537295676
MaxDailyBets,0.12284281719958762
AvgBetsPerActiveDay,0.11793403077472388
NumberOfBetsLast30,0.11735064848080354
MaxDailyLoss,0.11477523092383618
LiveActionRows,0.1119824234137431
GrossLossTotal,0.10961874854304555
ActiveDaysPrevious60,0.10929267692144089
PokerRows,0.10285790851400088
NumberOfBetsTotal,0.09731828256516127
AvgDailyTurnover,0.08923232576713168
GrossWinTotal,0.08793329261953399
StdDailyTurnover,0.08786960016258273
MaxDailyTurnover,0.084528352452735
ActiveDaysTrendRatio,0.0842837892276491
TurnoverLast30,0.07744642557993235
TurnoverTotal,0.07562487965671397
FixedOddsRows,0.07426014178497448
NetHoldTotal,0.07356098511318195
NumberOfBetsPrevious60,0.07341089838495142
StdDailyHold,0.07167225427172459
TurnoverPrevious60,0.061120485788179094
LiveActionShare,0.05695632780324698
MissingMonetaryPct,0.04442517588069352
BetsTrendRatio,0.04112164551552355
PokerShare,0.01773030381090393
TurnoverTrendRatio,-0.0035257912858689304
FixedToLiveTurnoverRatio,-0.002526374462293941
MissingBetsRows,
