SplitSet,RiskLevel,rows,users,positives,observed_event_rate,mean_probability
test,Alto,382,150,65,0.17015706806282724,0.17502502476614507
test,Bajo,1003,231,12,0.011964107676969093,0.02793627268149779
test,Medio,589,207,55,0.0933786078098472,0.08837962338188785
train,Alto,1816,789,640,0.3524229074889868,0.18971995973590272
train,Bajo,4399,1020,1,0.00022732439190725165,0.027640521000313372
train,Medio,2391,866,33,0.013801756587202008,0.08916824443067241
validation,Alto,354,127,65,0.18361581920903955,0.1754822125790459
validation,Bajo,875,203,20,0.022857142857142857,0.02876920481547586
validation,Medio,498,185,44,0.08835341365461848,0.08673923998384399
